Candies,Candy Allan Jolly Rancher Fruity Sour 2.5kg,'2.5kg,2
Candies,Candy Allan Jolly Rancher Gummies Asst 2.5kg,'04387-8,4
Candies,Candy Canada Candy Ju Jubes 2.5kg,'780551,4
Candies,Candy Canada Candy Watermelon 2.5kg,'780565,4
Candies,Candy Canada Sour Bud Bites 2.5kg,'780577,4
Candies,Candy Cottage Country Bananas 1kg,'42188,9
Candies,Candy Cottage Country Big Foot 1kg,'25256,7
Candies,Candy Cottage Country Peach Slices 1kg,'42007,6
Candies,Candy Cottage Country Strawberry Marshmallows1kg,'42189,4
Candies,Candy EF Strawberries 1 Kg,'800706,10
Candies,Candy Gummy Zone Cola 1kg 200ct,'1231130,1
Candies,Candy Gummy Zone Double Headed Gummy Worms 1kg 200ct,'1231686,4
Candies,Candy Gummy Zone Frogs 1kg 250ct,'1231144,8
Candies,Candies Toxic Waste Sour Red Candy 12ct,'193263,1
Candies,Candies Toxic Waste Smog Balls 12ct,'92219,1
Candies,Candies Toxic Waste Slime Licker Sr Apple 12 ct,'803546,3.9167
Candies,Candies Toxic Waste Slime Licker Sour Tube 12/70gm,'93261,2.9167
Candies,Candies Toxic Waste Barrel 12ct,'800181,0.3333
Candies,Candies Teddy Pop 30ct,'90241,0.1933
Candies,Candies Super Double Lollies 48ct,'136202,1
Candies,Candies Sour Blast Candy Spray 12ct,'800301,4
Candies,Candies Ring Pop Fruit 24ct,'1226529,1
Candies,Candies Ring Pop 30ct,'608419,1.2667
Candies,Candies Regal Tiger Pops 1.5kg 200ct,'801228,0.0245
Candies,Candies Regal Silly Stix 100ct,'30196,2
Candies,Candies Regal Power Poppers 48ct,'30950,0.6667
Candies,Candies Regal Lotza Fizz 48ct,'45340,0.9583
Candies,Candies Rainbow Ramen Blast,'193402,1
Candies,Candies Power Poppers Sour Foam 12ct,'39018,1
Candies,Candies Popeye Candy Stick 48ct,'POPEYECANDYSTIC,2
Candies,Candies Ooze Toobz Sour 12ct,'929972,1
Candies,Candies Ooze Toobz Blue Raspberry 12ct,'800148,2
Candies,Candies Nik L Nip 12ct 8pk,'325107,1
Candies,Candies Nerds Rope Berry 24ct,'18125,1
Candies,Candies Nerds Grape/Strawberry 24ct,'07920037023,0.9583
Candies,Candies Mini Crush Fruit Jelly 40pc,'102118,3
Candies,Candies Message in A Bottle 18ct,'39029,1.8889
Candies,Candies Livewire Strawberry 300ct,'1WC300GSTRAWCRE,1
Candies,Candies Livewire Sour Tongue Painter 200ct,'600417,2
Candies,Candies Livewire Blue Raspberry 300ct,'1WC300BLUERASP,1
Candies,Candies Kinder Egg 12pk,'16063,2.25
Candies,Candies Jumbo Circus Pops 12ct,'800831,0.9167
Candies,Candies Jelly Belly 24/40gm,'6229,1
Candies,Candies Fun Dip Lic Maid Tri Cell 36ct,'800087,0.8333
Candies,Candies Cyclops Jawbreaker 12/ctn,'800051,5.1667
Candies,Candies Crazy Pop Straws 20/40gm,'927954,1.45
