Category,Item,Item No,Quantity
Ice Cream,11.4L Algonquin Canoe Central Smith,'1154694,12
Ice Cream,11.4L Banana Fudge Central Smith,'1318222,1
Ice Cream,11.4L Black Raspberry Cheesecake Gordon Choice,'1216345,1
Ice Cream,11.4L Black Sweet Cherry Central Smith,'1166901,1
Ice Cream,11.4L Bubblegum Chapmans,'1138559,26
Ice Cream,11.4L Chocolate Chip Cookie Dough Chapmans,'1138571,22.5
Ice Cream,11.4L Chocolate Dutch Chapmans,'8045926,9
Ice Cream,11.4L Chocolate Peanut Butter Cup Chapmans,'1182187,10
Ice Cream,11.4L Chocolate Salty Caramel,'1410796,1
Ice Cream,11.4L Cinnamon Bunz Central Smith,'1456716,1
Ice Cream,11.4L Coconut Supreme Central,'1273749,1
Ice Cream,11.4L Cookies & Cream Chapmans,'1138574,21
Ice Cream,11.4L Cotton Candy Chapmans,'1138561,12
Ice Cream,11.4L Grand Slam Central Smith,'1506835,1
Ice Cream,11.4L Lavender Lemonade Central Smith,'13282227,4
Ice Cream,11.4L Mango Frozen Dessert Central,'1217713,1
Ice Cream,11.4L Maple Walnut Chapmans,'1138575,10
Ice Cream,11.4L Mint Chocolate Chip Chapmans,'3964006,7
Ice Cream,11.4L Mint Chocolate Chip GFS,'1216366,1
Ice Cream,11.4L Mocha Almond Fudge Chapmans,'9653136,1
Ice Cream,11.4L Monster Cookie Gordon,'1483230,1
Ice Cream,11.4L NY Cherry Cheesecake Chapmans,'1274310,17
Ice Cream,11.4L Peanut Butter Pretzel,'1435127,1
Ice Cream,11.4L Pistachio Almond Central,'1245392,1
Ice Cream,11.4L Raspberry Sherbet Central Smith,'1222089,1
Ice Cream,11.4L Rolo (Chocolate Caramel Cup) Chapman's,'1034481,6
Ice Cream,11.4L Strawberries & Cream Chapmans,'1393539,8
Ice Cream,11.4L Super Hero Chapman's,'1274306,1
Ice Cream,11.4L Tiger Tiger Chapmans,'1138567,9
Ice Cream,11.4L Triple Chocolate Brownie Chapmans,'1138572,14.3333
Ice Cream,11.4L True North Cherry Cheesecake Central,'1506834,1
Ice Cream,11.4L Vanilla Chapmans,'8045686,7
Ice Cream,11.4L Vanilla Reeses Pieces Central,'1340492,1
Candies,Candies Air Head Bites 18/57gm,'20027958,1
Candies,Candies Air Heads Mixed Bars 60ct,'ARHS,2.9336
Candies,Candies Baby Flash Pop 12ct,'800023,1.0833
Candies,Candies Big Mouth Candy Spray 12 Ct,'39012,0.1667
Candies,Candies Big Mouth Sour Candy Spray 12 Ct,'39033,0.0833
Candies,Candies Blow Pop Assorted 48ct,'800035,0.0208
Candies,Candies Blow Pop Blue Raspberry 48 Ct,'800031,0.7917
Candies,Candies Caramels Creamy 240ct,'800047,0.8125
Chips,Chips Cheetos Crunchy 81gm,'300040271,14
Chips,Chips Cheetos Puffs 75gm,'300040259,24
Chips,Chips Doritos Bold BBQ 235gm,'300028737,15
Chips,Chips Doritos Bold BBQ 72gm,'300028740,12
Chips,Chips Doritos Nacho Cheese 72gm,'300040262,26
Chips,Chips Doritos Sweet Chili Heat 235gm,'300028741,6
Candies,Candy Gummy Zone Jumbo Cola Bottle 60ct,'89248,0.95
Candies,Candy Gummy Zone Peach Rings 1kg 165ct,'1231550,4
Candies,Candy Gummy Zone Sr Cherry Cola 1kg - 200ct,'1231596,3
Candies,Candy Gummy Zone Sr Cherry Tinglers 1kg,'89239,8
Candies,Candy Gummy Zone Sr Neon Worms 1kg - 200ct,'89575,10
Candies,Candy Gummy Zone Wild Berries 1kg 250ct,'49801,4
Candies,Candy Huer Blue Sharks 1kg - 250ct,'1231598,4
Candies,Candy Huer Cherry Loop 1kg,'02138,2
Candies,Candy Huer Cup Cakes 1kg,'70119,1
Candies,Candy Huer Eggs 1kg,'701184,4
Candies,Candy Huer Groovy Mix 1kg,'02115,2
Candies,Candy Huer Gummy Bears,'799361,4
Candies,Candy Huer Soft Strawberries 1kg,'702289,2
Candies,Candy Huer Sour Blue Raspberry 1kg,'702137,2
Candies,Candy Huer Sour Sea Mix 1kg,'136532,2
Candies,Candy Huer Sour Turtles,'713005,2
Candies,Candy Huer Sr Bubblegum Bottle 1kg,'01167,2
Candies,Candy Huer Strawberry Frosty Milkshake 1kg,'02143,2
Candies,Candy Huer Triple Starfish 1kg,'712804,2
Candies,Candy Huer Turtle Gummies 1kg,'712805,7
Candies,Candy KW Juicy Blues 1KG,'13004,4
Candies,Candy KW Sour Cream Soda Float 1kg - 250ct,'39090,5
Candies,Candy Mccormick Blue Whales 300 count 1.82kg,'10141,5
Candies,Candy Mccormick Cherry Twist 300 ct 1.82kg,'1227438,7
Candies,Candy Mccormick Dinasours 300 ct 1.82kg,'800134,15
Candies,Candy McCormick Ocean 1kg,'1279237,4
Candies,Candy McCormick Puzzle pieces 2.5kg,'42010,5
Candies,Candy McCormick Spearmint Leaves 300ct,'85195,7
Candies,Candy McCormick Sr Sharks 1kg,'800137,4
Candies,Candy Mondoux Mini Cola Mix 2.5kg,'42008,2
Candies,Candy Mondoux Raspberry Slice 2.5kg,'42009,2
Candies,Candy Mondoux Sr Cherry Slices 2.5kg,'29103,3
Candies,Candy Mondoux Unicorn 1kg,'ON2.5STRAWBSL,3
Candies,Candy Sour Soother Large 60ct,'28302,8
Candies,Candy Sour Soothers 300 ct,'SOURSOOTHER60CT,20
Candies,Candy VD Swirley Fish 1.2kg,'800164,3
Candies,Candy VD Swirly Unicorn 1.2kg,'800732,1
Candies,Candy VD Swirly Unicorn 1.2kg,'802744,1
Consumables,Consumables Paper Plates 6" Uncoated 10/100 1000ct,'1069420,1.2
Consumables,Consumables Perfect Fry Filter,'36375,2
Consumables,Consumables Plastic Cutlery Spoons Plastic 1000/cs,'1157840,1
Consumables,Consumables Portion Cup 2 oz. 12/200,'1172797,0.6917
Consumables,Consumables Portion Cup lid 24/100,'1172791,0.75
Consumables,Consumables Stir Sticks Wooden 1000ct,'92126,0.1
Consumables,Consumables Wax Sandwich Bag 6 x .75 x 6.75 in 1000/cs,'6109798,4.9
Deposit,Deposit EHC-pop deposit,'159,2978
Drinks,Drinks Arizona Arnold Palmer 1/2 & 1/2 12ct,'800599,3.9167
Drinks,Drinks Arizona Lemon 24/680ml,'75250,1
Drinks,Drinks Arizona Raspberry 24/680ml,'75253,1
Drinks,Drinks Bubly Variety Orange/Blackberry/Cherry 24pk - local,'Bubly,2
Drinks,Drinks Coffee Folgers Classic 1.21kg 180 cup,'775,2
Drinks,Drinks Gatorade Performer G Cool Blue 591ml from pre pack,'200,60
Drinks,Drinks Gatorade Performer G Fruit Punch 591ml from pre pack,'198,36
Drinks,Drinks Gatorade Performer G Lemon Lime 591ml from pre pack,'5003,28
Drinks,Drinks Gatorade Performer G Orange 591ml from pre pack,'197,30
Drinks,Drinks Hot Chocolate NN 1.8kg 76ct,'218,0.6666
Drinks,Drinks Milk 2% 2L - local,'185,9
Drinks,Drinks Snapple Lemon 12/473ml,'1459,4
Drinks,Drinks Snapple Peach 12/473ml,'1358716,3
Drinks,Drinks Tea 72ct - local,'776,0.0972
Drinks,Drinks Water 24 pk - local,'150,17.75
Firewood,Firewood Bundles,'Firewood,326
Grocery,Grocery After Bite 4pk,'010629,0.25
Grocery,Grocery Allergy Remedy 10pk,'01-3039320,1
Grocery,Grocery Aluminum Foil 25' Tuff Guy/Alcan,'476,1
Grocery,Grocery BBQ Lighter,'20250710,5
Grocery,Grocery Bread Rye - local,'219,1
Grocery,Grocery Butter - local,'401,2
Grocery,Grocery Cups Beer Red Solo sold as pkg of 10,'10101,1.9
Grocery,Grocery Cups Plastic 7oz Packages of 50 sold as pkg of 10,'123,0.2
Grocery,Grocery Eggs - local,'354,3
Grocery,Grocery J Cloth 8's,'67,1
Grocery,Grocery Ketchup 750ml,'384,2
Grocery,Grocery Lighters,'103,9
Grocery,Grocery Marshmallows 400gm - local,'180,3
Grocery,Grocery NN Dinner Plates 10.5" 40per pack sold as Pkgs of 10,'120,2
Grocery,Grocery OFF Deep Woods 255gm,'000612427,5
Grocery,Grocery OFF Deep Woods 230gm,'1527,8
Grocery,Grocery Panty Liners 26,'01-3039203/4,3
Grocery,Grocery Playing Cards,'45,1
Grocery,Grocery Propane Bottles,'601,3
Grocery,Grocery Sour Cream,'950,1
Gum,Gum Big League Chew Blue Raspberry 12ct,'801390,0.75
Gum,Gum Big League Chew Original 12 ct,'BLCORIGINAL,0.5
Gum,Gum Double Bubble 240ct,'1225726,0.8292
Gum,Gum Double Bubble Cry Baby Extra Sour 24ct,'37101,0.75
Gum,Gum Double Bubble Twists 420pc,'800062,0.8595
Gum,Gum Gold Mine 12ct,'68421,0.9167
Gum,Gum Hubba Bubba Max Str/Watermelon 18pk,'20012,1.9167
Gum,Gum Hubba Bubba Tape Grape 12pk,'802194,3.0833
Gum,Gum Hubba Bubba Tape Original 12 ct,'2624,3.0833
Hot Food,Hot Food Battered Mushrooms GFS 2.27KG,'1229802,21.7333
Hot Food,Hot Food Beef Burger Sous Vide Cooked Frozen 40/4oz,'1418184,34
Hot Food,Hot Food Beef Burgers GFS 4 oz 1/4.54 kg 40pc,'1175583,4.725
Hot Food,Hot Food Breakfast Sandwich Pronto 24/160,'1394591,2.9583
Hot Food,Hot Food Broccoli & Cheddar Bites Anchor 4/2.5lb,'1496685,2.9333
Hot Food,Hot Food Cauliflower Bite 6/2lb,'1319412,4.8788
Hot Food,Hot Food Chicken Nuggets 2/2kg,'1290250,3.9138
Hot Food,Hot Food Chicken Tender Brd Homestyle 90ct,'1290255,27.3572
Hot Food,Hot Food Chicken Wing Dusted 85-115ct,'1240255,19.9085
Hot Food,Hot Food Chili Cheeze Bites 4/2lb,'1141967,4.9118
Hot Food,Hot Food Fries Straight Cut 3/8 inch 6/2.27 kg,'1151826,69.75
Hot Food,Hot Food Hashbrown Patties McCain 1.34kg 20pk,'999,6.3
Hot Food,Hot Food Jalapeno Popper Fiesta Bold 2/1.14KG,'1116251,10.8182
Hot Food,Hot Food Mac & Cheeze Wedges 6/3lb,'1319879,10.4104
Hot Food,Hot Food Mozzarella Stick 1/5lb,'5660405,33.7619
Hot Food,Hot Food Nachos/Container Old Dutch 38/71gm,'06745,6.9737
Hot Food,Hot Food Onion Rings GFS 4kg,'1143193,18.3333
Hot Food,Hot Food Pickles Spear Dill Anchor 4/4lb,'1321571,8.3167
Hot Food,Hot Food Pizza Guiseppe,'7192103069,38.75
Hot Food,Hot Food Popcorn Kirkland Signature 44/93gm,'9559,0.2273
Hot Food,Hot Food Smokies 8pk,'705,5.3
Hot Food,Hot Food Smokies Bavarian Cooked 5kg 45-50/cs,'1345821,11.3031
Hot Food,Hot Food Wieners 6" 6/lb Skinless Fzn 5kg,'9781605,7
Ice,Ice,'3,191
Juice,Juice Bug Juice Berry Raspberry 24/296ml,'801193,1
Juice,Juice Bug Juice Fruity Punch 24/296,'801194,1
Juice,Juice Sunrype Variety Pack Tetra 5/200ml,'00385,16
Misc,Misc Hot Rods Original 40ct,'30294,3
Misc,Misc Ritz Cheese Sandwich 12/70gm,'100277,1.0833
Novelties,Novelties Drumstick Vanilla Carmel 2 doz,'12103365,0.9583
Novelties,Novelties Drumstick Vanilla/Fudge 2 doz,'12103366,0.4722
Novelties,Novelties Ice Cream Sandwich Peanut Free 6/12ct,'1188,1.4166
Novelties,Novelties Mr Freezie 60ct,'6038367915,1
Novelties,Novelties Mr Freezie Jumbo 70pk - Wholesale Club,'00030,1
Toys,Toys Pail Set 5pc Netted Octopus,'14-3099212,4
Toys,Toys Pail Set 6pc Netted,'14-3006847,4
Toys,Toys Pail Set 6pc Small,'14-3022252,1
Toys,Toys Sand Truck Netted,'14-3120431,6
Toys,Toys Sand Wheel Netted,'14-3006969,4
Toys,Toys Shovel Rake 2pc,'14-3061742,4
Toys,Toys Snorkel,'14-3091508,3
Toys,Toys Swim Goggles Aqua 7+,'14-3112079,1
Toys,Toys Swim Goggles Aqua View,'14-1400072,20
Toys,Toys Swim Goggles Aqua View 4+,'14-3090357,8
Toys,Toys Swim Goggles Aqua View 7+,'14-3090369,3
Toys,Toys Swim Goggles Aqua View Adult 12+,'14-3099389,3
Toys,Toys Swim Goggles Aqua View Youth 7+,'14-3099246,2
Toys,Toys Swim Goggles Bestway Youth 7+,'14-3112080,4
Toys,Toys Swim Goggles Hydro Pro 14+,'14-3090680,2
Toys,Toys Swim Goggles Spiderman/LOL 4+,'14-3022684-1,7
Toys,Toys Swim Mask,'14-3090344,5
Toys,Toys Swim Mask Youth 7+,'14-1400071,15
Toys,Toys Swim Mask 4+,'14-3006768,7
Toys,Toys Swim Mask 7+,'14-3090374,4
Toys,Toys Swim Mask Aqua 4+,'14-3090802,5
Toys,Toys Swim Mask Bestway 14+,'14-3112082,5
Toys,Toys Swim Mask Dolfino 14+,'14-3044883,22
Toys,Toys Swim Mask Paw Patrol 4+,'14-3070830,7
Toys,Toys Swim Ring Mermaid 31.4",'14-3120471,2
Toys,Toys Tennis Balls 3pk,'08-3056001,0.6666
Toys,Toys Water Gun Hydro Power,'14-3053581,1
Toys,Toys Water Gun Hydro Power 2pk Clear,'14-3111783,4
Toys,Toys Water Gun Pump,'14-3044612,1
Toys,Toys Water Gun-Hydro Power,'14-1401086,2
Toys,Toys Water Guns Hydro Power,'14-3106187,2
Toys,Toys Water Guns Hydro Power Splash Pumper,'14-3090684,2
